species,avonet_name,community
Aidemedia_chascax,Aidemedia chascax,Prehistoric
Aidemedia_lutetiae,Aidemedia lutetiae,Prehistoric
Aidemedia_zanclops,Aidemedia zanclops,Prehistoric
Anas_laysanensis,Anas laysanensis,Prehistoric
Anas_wyvilliana,Anas wyvilliana,Prehistoric
Anous_minutus,Anous minutus,Prehistoric
Apteribis_brevis,Apteribis brevis,Prehistoric
Apteribis_glenos,Apteribis glenos,Prehistoric
Apteribis_sp._Lanai,Apteribis sp._Lanai,Prehistoric
Apteribis_sp._Maui,Apteribis sp._Maui,Prehistoric
Branta_hylobadistes,Branta hylobadistes,Prehistoric
Branta_rhuax,Branta rhuax,Prehistoric
Branta_sandvicensis,Branta sandvicensis,Prehistoric
Buteo_solitarius,Buteo solitarius,Prehistoric
Chaetoptila_angustipluma,Chaetoptila angustipluma,Prehistoric
Chaetoptila_sp._Maui,Chaetoptila sp._Maui,Prehistoric
Chasiempis_sandwichensis,Chasiempis sandwichensis,Prehistoric
Chelychelynechen_quassus,Chelychelynechen quassus,Prehistoric
Chloridops_kona,Chloridops kona,Prehistoric
Chloridops_regiskongi,Chloridops regiskongi,Prehistoric
Chloridops_sp._Kauai,Chloridops sp._Kauai,Prehistoric
Chloridops_sp._Maui,Chloridops sp._Maui,Prehistoric
Chloridops_wahi,Chloridops wahi,Prehistoric
Circus_dossenus,Circus dossenus,Prehistoric
Ciridops_anna,Ciridops anna,Prehistoric
Ciridops_tenax,Ciridops tenax,Prehistoric
Corvus_hawaiiensis,Corvus hawaiiensis,Prehistoric
Corvus_impluviatus,Corvus impluviatus,Prehistoric
Corvus_viriosus,Corvus viriosus,Prehistoric
Dysmorodrepanis_munroi,Dysmorodrepanis munroi,Prehistoric
Fulica_alai,Fulica alai,Prehistoric
Gallinula_chloropus,Gallinula chloropus,Prehistoric
Grallistrix_auceps,Grallistrix auceps,Prehistoric
Grallistrix_erdmani,Grallistrix erdmani,Prehistoric
Grallistrix_geleches,Grallistrix geleches,Prehistoric
Grallistrix_orion,Grallistrix orion,Prehistoric
Gygis_alba,Gygis alba,Prehistoric
Haliaeetus_albicilla,Haliaeetus albicilla,Prehistoric
Hemignathus_ellisana,Hemignathus ellisana,Prehistoric
Hemignathus_kauaiensis,Hemignathus kauaiensis,Prehistoric
Hemignathus_lanaiensis,Hemignathus lanaiensis,Prehistoric
Hemignathus_lucidus,Hemignathus lucidus,Prehistoric
Hemignathus_munroi,Hemignathus munroi,Prehistoric
Hemignathus_obscurus,Hemignathus obscurus,Prehistoric
Hemignathus_parvus,Hemignathus parvus,Prehistoric
Hemignathus_sagittirostris,Hemignathus sagittirostris,Prehistoric
Hemignathus_stejnegeri,Hemignathus stejnegeri,Prehistoric
Hemignathus_upupirostris,Hemignathus upupirostris,Prehistoric
Hemignathus_virens,Hemignathus virens,Prehistoric
Hemignathus_vorpalis,Hemignathus vorpalis,Prehistoric
Himantopus_mexicanus,Himantopus mexicanus,Prehistoric
Himatione_sanguinea,Himatione sanguinea,Prehistoric
Larus_sp._Kauai,Larus sp._Kauai,Prehistoric
Loxioides_bailleui,Loxioides bailleui,Prehistoric
Loxioides_kikuchi,Loxioides kikuchi,Prehistoric
Loxops_caeruleirostris,Loxops caeruleirostris,Prehistoric
Loxops_coccineus,Loxops coccineus,Prehistoric
Melamprosops_phaeosoma,Melamprosops phaeosoma,Prehistoric
Moho_apicalis,Moho apicalis,Prehistoric
Moho_bishopi,Moho bishopi,Prehistoric
Moho_braccatus,Moho braccatus,Prehistoric
Moho_nobilis,Moho nobilis,Prehistoric
Myadestes_lanaiensis,Myadestes lanaiensis,Prehistoric
Myadestes_myadestinus,Myadestes myadestinus,Prehistoric
Myadestes_obscurus,Myadestes obscurus,Prehistoric
Myadestes_palmeri,Myadestes palmeri,Prehistoric
Myadestes_woahensis,Myadestes woahensis,Prehistoric
Nycticorax_nycticorax,Nycticorax nycticorax,Prehistoric
Oceanodroma_castro,Oceanodroma castro,Prehistoric
Oreomystis_bairdi,Oreomystis bairdi,Prehistoric
Oreomystis_mana,Oreomystis mana,Prehistoric
Orthiospiza_howarthi,Orthiospiza howarthi,Prehistoric
Palmeria_dolei,Palmeria dolei,Prehistoric
Paroreomyza_flammea,Paroreomyza flammea,Prehistoric
Paroreomyza_maculata,Paroreomyza maculata,Prehistoric
Paroreomyza_montana,Paroreomyza montana,Prehistoric
Phaethon_lepturus,Phaethon lepturus,Prehistoric
Phaethon_rubricauda,Phaethon rubricauda,Prehistoric
Phoebastria_immutabilis,Phoebastria immutabilis,Prehistoric
Porzana_keplerorum,Porzana keplerorum,Prehistoric
Porzana_menehune,Porzana menehune,Prehistoric
Porzana_ralphorum,Porzana ralphorum,Prehistoric
Porzana_sandwichensis,Porzana sandwichensis,Prehistoric
Porzana_severnsi,Porzana severnsi,Prehistoric
Porzana_sp._HawaiiLarge,Porzana sp._HawaiiLarge,Prehistoric
Porzana_sp._HawaiiSmall,Porzana sp._HawaiiSmall,Prehistoric
Porzana_sp._KauaiGreat,Porzana sp._KauaiGreat,Prehistoric
Porzana_sp._KauaiMedium,Porzana sp._KauaiMedium,Prehistoric
Porzana_sp._Maui,Porzana sp._Maui,Prehistoric
Porzana_ziegleri,Porzana ziegleri,Prehistoric
Pseudonestor_xanthophrys,Pseudonestor xanthophrys,Prehistoric
Psittirostra_psittacea,Psittirostra psittacea,Prehistoric
Ptaiochen_pau,Ptaiochen pau,Prehistoric
Pterodroma_jugabilis,Pterodroma jugabilis,Prehistoric
Pterodroma_sandwichensis,Pterodroma sandwichensis,Prehistoric
Puffinus_newelli,Puffinus newelli,Prehistoric
Puffinus_pacificus,Puffinus pacificus,Prehistoric
Rhodacanthis_flaviceps,Rhodacanthis flaviceps,Prehistoric
Rhodacanthis_forfex,Rhodacanthis forfex,Prehistoric
Rhodacanthis_litotes,Rhodacanthis litotes,Prehistoric
Rhodacanthis_palmeri,Rhodacanthis palmeri,Prehistoric
Sula_sula,Sula sula,Prehistoric
Talpanas_lippa,Talpanas lippa,Prehistoric
Telespiza_cantans,Telespiza cantans,Prehistoric
Telespiza_persecutrix,Telespiza persecutrix,Prehistoric
Telespiza_ultima,Telespiza ultima,Prehistoric
Telespiza_ypsilon,Telespiza ypsilon,Prehistoric
Thambetochen_chauliodous,Thambetochen chauliodous,Prehistoric
Thambetochen_xanion,Thambetochen xanion,Prehistoric
Vangulifer_mirandus,Vangulifer mirandus,Prehistoric
Vangulifer_neophasis,Vangulifer neophasis,Prehistoric
Vestiaria_coccinea,Vestiaria coccinea,Prehistoric
Vestiaria_funerea,Vestiaria funerea,Prehistoric
Vestiaria_pacifica,Vestiaria pacifica,Prehistoric
Xestospiza_conica,Xestospiza conica,Prehistoric
Xestospiza_fastiglialis,Xestospiza fastiglialis,Prehistoric
Hemignathus_flavus,Hemignathus flavus,Prehistoric
Pterodroma_hypoleuca,Pterodroma hypoleuca,Prehistoric
